Rank,Club,Country,Level,Elo,From,To
1,Barcelona,ESP,1,2046.10888672,2016-01-18,2016-01-23
2,Real Madrid,ESP,1,2012.21765137,2016-01-18,2016-01-24
3,Bayern,GER,1,1996.34460449,2016-01-23,2016-01-31
4,Atletico,ESP,1,1943.00292969,2016-01-18,2016-01-24
5,Juventus,ITA,1,1917.58752441,2016-01-18,2016-01-24
6,Paris SG,FRA,1,1912.89868164,2016-01-18,2016-01-23
7,Man City,ENG,1,1859.59802246,2016-01-17,2016-01-23
8,Arsenal,ENG,1,1836.31591797,2016-01-18,2016-01-24
9,Sevilla,ESP,1,1828.99560547,2016-01-17,2016-01-24
10,Napoli,ITA,1,1828.47753906,2016-01-17,2016-01-24
11,Dortmund,GER,1,1799.6973877,2016-01-17,2016-01-23
12,Villarreal,ESP,1,1796.30883789,2016-01-17,2016-01-23
13,Leverkusen,GER,1,1792.29833984,2016-01-17,2016-01-23
14,Chelsea,ENG,1,1792.16589355,2016-01-17,2016-01-24
15,Benfica,POR,1,1789.98925781,2016-01-17,2016-01-23
16,Gladbach,GER,1,1787.28564453,2016-01-17,2016-01-23
17,Man United,ENG,1,1780.46557617,2016-01-18,2016-01-23
18,Tottenham,ENG,1,1777.15795898,2016-01-17,2016-01-23
19,Wolfsburg,GER,1,1777.0958252,2016-01-17,2016-01-24
20,Valencia,ESP,1,1773.14257812,2016-01-18,2016-01-24
21,Bilbao,ESP,1,1769.28820801,2016-01-18,2016-01-24
22,Dynamo Kyiv,UKR,1,1766.9979248,2016-01-18,2016-02-24
23,Shakhtar,UKR,1,1765.14221191,2016-01-18,2016-02-18
24,Porto,POR,1,1759.73413086,2016-01-18,2016-01-24
25,Celta,ESP,1,1753.34020996,2016-01-18,2016-01-23
26,Fiorentina,ITA,1,1749.86132812,2016-01-18,2016-01-24
27,Zenit,RUS,1,1747.65771484,2016-01-18,2016-02-16
28,Roma,ITA,1,1743.19946289,2016-01-18,2016-01-24
29,Inter,ITA,1,1731.14807129,2016-01-17,2016-01-24
30,Leicester,ENG,1,1722.31164551,2016-01-17,2016-01-23
31,Schalke,GER,1,1721.89782715,2016-01-14,2016-01-24
32,CSKA Moskva,RUS,1,1716.44763184,2016-01-18,2016-02-29
33,Everton,ENG,1,1716.07531738,2016-01-18,2016-01-24
34,FC Krasnodar,RUS,1,1715.73181152,2016-01-18,2016-02-18
35,Lazio,ITA,1,1714.81103516,2016-01-18,2016-01-24
36,Liverpool,ENG,1,1713.4420166,2016-01-19,2016-01-23
37,Malaga,ESP,1,1709.06994629,2016-01-19,2016-01-23
38,Stoke,ENG,1,1708.70898438,2016-01-19,2016-01-23
39,Olympiakos,GRE,1,1706.98596191,2016-01-19,2016-01-23
40,Sporting,POR,1,1704.23327637,2016-01-23,2016-01-23
41,Depor,ESP,1,1701.59729004,2016-01-23,2016-01-24
42,Southampton,ENG,1,1701.15771484,2016-01-23,2016-01-23
43,Milan,ITA,1,1698.54858398,2016-01-23,2016-01-23
44,Eibar,ESP,1,1697.4888916,2016-01-23,2016-01-24
45,PSV,NED,1,1694.95007324,2016-01-23,2016-01-24
46,Basel,SUI,1,1691.00952148,2016-01-23,2016-02-18
47,Sociedad,ESP,1,1689.25805664,2016-01-23,2016-01-30
48,Monaco,FRA,1,1688.01147461,2016-01-19,2016-01-24
49,Hertha,GER,1,1685.81994629,2016-01-18,2016-01-23
50,Espanyol,ESP,1,1676.97460938,2016-01-18,2016-01-23
51,Mainz,GER,1,1675.89807129,2016-01-17,2016-01-23
52,West Ham,ENG,1,1670.93322754,2016-01-17,2016-01-23
53,Getafe,ESP,1,1670.55908203,2016-01-18,2016-01-23
54,Fenerbahce,TUR,1,1667.40234375,2016-01-19,2016-01-24
55,Marseille,FRA,1,1666.14611816,2016-01-19,2016-01-24
56,Sparta Praha,CZE,1,1664.20153809,2016-01-19,2016-02-18
57,Augsburg,GER,1,1662.98901367,2016-01-19,2016-01-23
58,Koeln,GER,1,1661.38232422,2016-01-18,2016-01-23
59,Ajax,NED,1,1659.14868164,2016-01-18,2016-01-23
60,Crystal Palace,ENG,1,1656.54309082,2016-01-18,2016-01-23
61,Sassuolo,ITA,1,1653.65734863,2016-01-21,2016-01-24
62,Betis,ESP,1,1653.44921875,2016-01-17,2016-01-24
63,Torino,ITA,1,1652.62927246,2016-01-21,2016-01-24
64,Saint-Etienne,FRA,1,1651.95227051,2016-01-21,2016-01-24
65,Lyon,FRA,1,1645.55224609,2016-01-18,2016-01-24
66,Gijon,ESP,1,1642.50671387,2016-01-23,2016-01-31
67,Genoa,ITA,1,1639.12731934,2016-01-23,2016-01-24
68,West Brom,ENG,1,1639.06213379,2016-01-23,2016-01-23
69,Empoli,ITA,1,1635.72717285,2016-01-18,2016-01-23
70,Viktoria Plzen,CZE,1,1634.57946777,2016-01-18,2016-02-29
71,Hamburg,GER,1,1634.54626465,2016-01-23,2016-02-29
72,Frankfurt,GER,1,1633.80737305,2016-01-23,2016-01-24
73,Hoffenheim,GER,1,1632.43798828,2016-01-23,2016-01-23
74,Rayo Vallecano,ESP,1,1632.29187012,2016-01-23,2016-01-23
75,Gent,BEL,1,1630.41223145,2016-01-23,2016-01-24
76,Besiktas,TUR,1,1629.94384766,2016-01-23,2016-01-24
77,Freiburg,GER,2,1629.55700684,2016-01-23,2016-02-29
78,Salzburg,AUT,1,1629.08935547,2016-01-23,2016-02-29
79,Lok Moskva,RUS,1,1629.00891113,2016-01-23,2016-02-16
80,Las Palmas,ESP,1,1627.96984863,2016-01-23,2016-01-25
81,Chievo,ITA,1,1625.09790039,2016-01-19,2016-01-24
82,Watford,ENG,1,1624.26037598,2016-01-19,2016-01-23
83,Swansea,ENG,1,1623.86975098,2016-01-19,2016-01-24
84,Anderlecht,BEL,1,1623.61315918,2016-01-18,2016-01-24
85,Dynamo Moskva,RUS,1,1616.45617676,2016-01-19,2016-02-29
86,Terek Grozny,RUS,1,1615.74133301,2016-01-19,2016-02-29
87,Levante,ESP,1,1615.50793457,2016-01-19,2016-01-25
88,Granada,ESP,1,1614.84326172,2016-01-19,2016-01-23
89,Galatasaray,TUR,1,1613.53381348,2016-01-17,2016-01-23
90,Lille,FRA,1,1611.84680176,2016-01-18,2016-01-23
91,Spartak Moskva,RUS,1,1610.34240723,2016-01-18,2016-02-29
92,Werder,GER,1,1607.82299805,2016-01-18,2016-01-24
93,Nice,FRA,1,1607.73693848,2016-01-18,2016-01-23
94,Dnipro,UKR,1,1607.26538086,2016-01-18,2016-02-29
95,Elche,ESP,2,1606.04943848,2016-01-18,2016-01-24
96,Bournemouth,ENG,1,1604.53491211,2016-01-18,2016-01-23
97,Sampdoria,ITA,1,1603.4921875,2016-01-18,2016-01-24
98,Rennes,FRA,1,1601.87976074,2016-01-23,2016-01-31
99,Bordeaux,FRA,1,1600.71789551,2016-01-23,2016-01-23
100,Rapid Wien,AUT,1,1599.46923828,2016-01-23,2016-02-18
None,Hannover,GER,1,1598.73461914,2016-01-23,2016-01-23
None,Middlesbrough,ENG,2,1598.24523926,2016-01-17,2016-01-23
None,Norwich,ENG,1,1596.22119141,2016-01-17,2016-01-23
None,Rubin Kazan,RUS,1,1596.17382812,2016-01-01,2016-02-29
None,Stuttgart,GER,1,1596.04040527,2016-01-01,2016-01-23
None,Brugge,BEL,1,1594.80310059,2016-01-17,2016-01-24
None,Rostov,RUS,1,1592.00732422,2016-01-01,2016-02-29
None,Braga,POR,1,1588.14746094,2016-01-18,2016-01-24
None,Atalanta,ITA,1,1588.13684082,2016-01-17,2016-01-23
None,Newcastle,ENG,1,1587.96350098,2016-01-17,2016-01-23
None,Palermo,ITA,1,1584.84289551,2016-01-18,2016-01-24
None,Valladolid,ESP,2,1584.19909668,2016-01-18,2016-01-24
None,Girona,ESP,2,1583.68103027,2016-01-18,2016-01-23
None,Leganes,ESP,2,1582.4354248,2016-01-18,2016-01-23
None,Sunderland,ENG,1,1581.8581543,2016-01-17,2016-01-23
None,Hull,ENG,2,1581.09338379,2016-01-17,2016-01-23
None,Udinese,ITA,1,1581.03356934,2016-01-18,2016-01-24
None,Zorya,UKR,1,1576.9954834,2016-01-01,2016-02-29
None,Cagliari,ITA,2,1574.02478027,2016-01-19,2016-01-23
None,BATE,BLR,1,1569.97692871,2016-01-01,2016-02-29
None,Alcorcon,ESP,2,1567.55358887,2016-01-17,2016-01-23
None,Dinamo Zagreb,CRO,1,1567.36572266,2016-01-01,2016-02-29
None,Lorient,FRA,1,1567.11376953,2016-01-18,2016-01-23
None,Ingolstadt,GER,1,1565.98327637,2016-01-01,2016-01-23
None,Montpellier,FRA,1,1565.22155762,2016-01-17,2016-01-23
None,Zaragoza,ESP,2,1564.9083252,2016-01-17,2016-01-24
None,Burnley,ENG,2,1564.69482422,2016-01-16,2016-01-25
None,Angers,FRA,1,1563.89904785,2016-01-16,2016-01-23
None,Cordoba,ESP,2,1563.72021484,2016-01-18,2016-01-24
None,Oviedo,ESP,2,1561.73583984,2016-01-17,2016-01-23
None,Caen,FRA,1,1561.17871094,2016-01-18,2016-01-23
None,Alaves,ESP,2,1560.93078613,2016-01-18,2016-01-23
None,Nantes,FRA,1,1559.85180664,2016-01-17,2016-01-23
None,Sverdlovsk,RUS,1,1558.88916016,2016-01-01,2016-02-29
None,Feyenoord,NED,1,1554.75830078,2016-01-18,2016-01-24
None,Bastia,FRA,1,1553.00244141,2016-01-17,2016-01-23
None,Kuban,RUS,1,1550.74169922,2016-01-01,2016-02-29
None,Osasuna,ESP,2,1550.03051758,2016-01-17,2016-01-24
None,Gimnastic,ESP,2,1549.33740234,2016-01-18,2016-01-24
None,Mirandes,ESP,2,1545.98168945,2016-01-18,2016-01-24
None,Verona,ITA,1,1545.49780273,2016-01-18,2016-01-24
None,Bologna,ITA,1,1543.95507812,2016-01-18,2016-01-24
None,Legia,POL,1,1543.83691406,2016-01-01,2016-02-29
None,Derby,ENG,2,1542.89770508,2016-01-17,2016-01-25
None,Nuernberg,GER,2,1540.4128418,2016-01-01,2016-02-29
None,Rosenborg,NOR,1,1537.68200684,2016-01-01,2016-02-29
None,Young Boys,SUI,1,1537.44055176,2016-01-01,2016-02-29
None,Aston Villa,ENG,1,1537.39282227,2016-01-17,2016-01-23
None,Lugo,ESP,2,1536.39367676,2016-01-18,2016-01-23
None,Amkar Perm,RUS,1,1535.47241211,2016-01-01,2016-02-29
None,Numancia,ESP,2,1534.44836426,2016-01-17,2016-01-24
None,Vitesse,NED,1,1533.66638184,2016-01-17,2016-01-23
None,Grasshoppers,SUI,1,1533.54333496,2016-01-01,2016-02-29
None,Almeria,ESP,2,1531.83129883,2016-01-18,2016-01-23
None,Nancy,FRA,2,1531.12023926,2016-01-23,2016-01-29
None,Darmstadt,GER,1,1530.08850098,2016-01-01,2016-01-23
None,Panathinaikos,GRE,1,1530.02868652,2016-01-18,2016-01-24
None,Toulouse,FRA,1,1528.72009277,2016-01-17,2016-01-24
None,Guingamp,FRA,1,1528.39245605,2016-01-17,2016-01-23
None,Tenerife,ESP,2,1528.19543457,2016-01-17,2016-01-24
None,RB Leipzig,GER,2,1527.76159668,2016-01-01,2016-02-29
None,Ponferradina,ESP,2,1526.28771973,2016-01-18,2016-01-24
None,Malmoe,SWE,1,1525.28344727,2016-01-01,2016-02-29
None,Gazelec,FRA,1,1523.94555664,2016-01-23,2016-02-29
None,PAOK,GRE,1,1521.51855469,2016-01-21,2016-01-24
None,Molde,NOR,1,1521.15515137,2016-01-01,2016-02-18
None,Celtic,SCO,1,1520.85473633,2016-01-20,2016-01-23
None,Carpi,ITA,1,1519.60791016,2016-01-18,2016-01-24
None,Luzern,SUI,1,1516.9407959,2016-01-01,2016-02-29
None,Astra,ROM,1,1515.5135498,2016-01-01,2016-02-29
None,FC Kobenhavn,DEN,1,1514.08642578,2016-01-01,2016-02-28
None,Ipswich,ENG,2,1514.05395508,2016-01-17,2016-01-23
None,Goeteborg,SWE,1,1512.70825195,2016-01-01,2016-02-29
None,Bueyueksehir,TUR,1,1512.63269043,2016-01-18,2016-01-25
None,Crotone,ITA,2,1511.68798828,2016-01-19,2016-01-23
None,Dijon,FRA,2,1510.78015137,2016-01-16,2016-01-23
None,Kryliya Sovetov,RUS,1,1506.53845215,2016-01-01,2016-02-29
None,Reims,FRA,1,1505.83740234,2016-01-17,2016-01-24
None,Standard,BEL,1,1504.57250977,2016-01-18,2016-01-24
None,Rijeka,CRO,1,1504.46899414,2016-01-01,2016-02-29
None,Vorskla,UKR,1,1503.07287598,2016-01-01,2016-02-29
None,M Tel Aviv,ISR,1,1502.94458008,2016-01-19,2016-01-23
None,Braunschweig,GER,2,1501.80761719,2016-01-01,2016-02-29
None,Lautern,GER,2,1501.18273926,2016-01-01,2016-02-29
None,Huesca,ESP,2,1500.63745117,2016-01-18,2016-01-23
None,Pescara,ITA,2,1500.05712891,2016-01-17,2016-01-24
None,Steaua,ROM,1,1498.68103027,2016-01-01,2016-02-29
None,Guimaraes,POR,1,1498.14404297,2016-01-18,2016-01-24
None,Sheffield Weds,ENG,2,1495.64611816,2016-01-17,2016-01-23
None,Austria Wien,AUT,1,1494.74060059,2016-01-01,2016-02-29
None,Midtjylland,DEN,1,1494.30834961,2016-01-01,2016-02-18
None,Sturm Graz,AUT,1,1491.140625,2016-01-01,2016-02-29
None,Pacos Ferreira,POR,1,1490.67199707,2016-01-17,2016-01-23
None,Anzhi,RUS,1,1490.05993652,2016-01-01,2016-02-29
None,Sion,SUI,1,1489.62841797,2016-01-01,2016-02-18
None,Karlsruhe,GER,2,1489.46203613,2016-01-01,2016-02-29
None,Mordovia,RUS,1,1489.27270508,2016-01-01,2016-02-29
None,QPR,ENG,2,1488.62438965,2016-01-17,2016-01-23
None,Jablonec,CZE,1,1488.07458496,2016-01-01,2016-02-29
None,Ufa,RUS,1,1487.97338867,2016-01-01,2016-02-29
None,Mlada Boleslav,CZE,1,1484.80358887,2016-01-01,2016-02-29
None,Birmingham,ENG,2,1482.63110352,2016-01-17,2016-01-23
None,Albacete,ESP,2,1480.84301758,2016-01-17,2016-01-24
None,Llagostera,ESP,2,1480.68115234,2016-01-17,2016-01-24
None,Trabzonspor,TUR,1,1479.51879883,2016-01-18,2016-01-24
None,Cardiff,ENG,2,1478.90148926,2016-01-17,2016-01-23
None,AIK,SWE,1,1477.73913574,2016-01-01,2016-02-29
None,Charleroi,BEL,1,1477.3873291,2016-01-17,2016-01-24
None,Mallorca,ESP,2,1476.97375488,2016-01-18,2016-01-23
None,Norrkoeping,SWE,1,1475.61828613,2016-01-01,2016-02-29
None,Genk,BEL,1,1474.04467773,2016-01-16,2016-01-23
None,Odd Grenland,NOR,1,1473.03479004,2016-01-01,2016-02-29
None,Partizan,SRB,0,1472.90393066,2016-01-01,2016-02-29
None,Union Berlin,GER,2,1472.18823242,2016-01-01,2016-02-29
None,Slovan Liberec,CZE,1,1471.95397949,2016-01-01,2016-02-29
None,Wolves,ENG,2,1471.44299316,2016-01-17,2016-01-23
None,Brighton,ENG,2,1471.23022461,2016-01-17,2016-01-23
None,Konyaspor,TUR,1,1470.54101562,2016-01-17,2016-01-23
None,Kasimpasa,TUR,1,1468.85717773,2016-01-17,2016-01-25
None,Alkmaar,NED,1,1468.71569824,2016-01-17,2016-01-24
None,Thun,SUI,1,1467.73522949,2016-01-01,2016-02-29
None,APOEL,CYP,0,1467.34313965,2016-01-01,2016-02-29
None,Estoril,POR,1,1466.36791992,2016-01-17,2016-01-23
None,Altach,AUT,1,1466.12182617,2016-01-01,2016-02-29
None,Bochum,GER,2,1466.04296875,2016-01-01,2016-02-29
None,Nacional,POR,1,1465.98193359,2016-01-18,2016-01-23
None,Le Havre,FRA,2,1465.92932129,2016-01-16,2016-01-25
None,Lokeren,BEL,1,1465.18823242,2016-01-18,2016-01-23
None,Karabakh Agdam,AZE,0,1462.984375,2016-01-01,2016-02-29
None,Rio Ave,POR,1,1462.75964355,2016-01-18,2016-01-24
None,StGallen,SUI,1,1462.74694824,2016-01-01,2016-02-29
None,Maritimo,POR,1,1462.35876465,2016-01-17,2016-01-24
None,Brentford,ENG,2,1461.11987305,2016-01-16,2016-01-23
None,Dinamo Minsk,BLR,1,1460.68273926,2016-01-01,2016-02-29
None,Frosinone,ITA,1,1460.55212402,2016-01-17,2016-01-23
None,St Pauli,GER,2,1459.03173828,2016-01-01,2016-02-29
None,Bilbao B,ESP,2,1458.76220703,2016-01-17,2016-01-23
None,Aalborg,DEN,1,1458.54650879,2016-01-01,2016-02-29
None,Sandhausen,GER,2,1458.39672852,2016-01-01,2016-02-29
None,Utrecht,NED,1,1457.79492188,2016-01-18,2016-01-24
None,Blackburn,ENG,2,1457.47058105,2016-01-17,2016-01-23
None,Zuerich,SUI,1,1457.23742676,2016-01-01,2016-02-29
None,Lech,POL,1,1457.20532227,2016-01-01,2016-02-29
None,Beer-Sheva,ISR,1,1457.19787598,2016-01-17,2016-01-24
None,Avellino,ITA,2,1457.16882324,2016-01-17,2016-01-23
None,Bursaspor,TUR,1,1456.95336914,2016-01-18,2016-01-24
None,Akhisar,TUR,1,1456.92700195,2016-01-17,2016-01-23
None,Troyes,FRA,1,1455.18640137,2016-01-17,2016-01-23
None,Cesena,ITA,2,1455.16174316,2016-01-18,2016-01-23
None,Forest,ENG,2,1453.84155273,2016-01-17,2016-01-23
None,Lens,FRA,2,1453.8092041,2016-01-16,2016-01-23
None,Paderborn,GER,2,1453.03210449,2016-01-01,2016-02-29
None,Zwolle,NED,1,1451.95727539,2016-01-17,2016-01-24
None,Belenenses,POR,1,1451.59912109,2016-01-18,2016-01-24
None,Novara,ITA,2,1451.50915527,2016-01-17,2016-01-23
None,Brescia,ITA,2,1451.21630859,2016-01-23,2016-01-30
None,Elfsborg,SWE,1,1449.72729492,2016-01-01,2016-02-29
None,Metalist,UKR,1,1448.21594238,2016-01-01,2016-02-29
None,Bari,ITA,2,1447.99035645,2016-01-16,2016-01-23
None,Asteras Tripolis,GRE,1,1447.16052246,2016-01-18,2016-01-23
None,Brondby,DEN,1,1446.43981934,2016-01-01,2016-02-28
None,Stromsgodset,NOR,1,1446.41320801,2016-01-01,2016-02-29
None,Dinamo Bucuresti,ROM,1,1445.97509766,2016-01-01,2016-02-29
None,Heidenheim,GER,2,1445.04492188,2016-01-01,2016-02-29
None,Metz,FRA,2,1444.80957031,2016-01-23,2016-01-29
None,Targu Mures,ROM,1,1444.38928223,2016-01-01,2016-02-29
None,Oostende,BEL,1,1442.81787109,2016-01-23,2016-02-29
None,Maribor,SVN,0,1440.87402344,2016-01-01,2016-02-29
None,Perugia,ITA,2,1440.76342773,2016-01-20,2016-01-24
None,Razgrad,BUL,1,1439.51928711,2016-01-01,2016-02-29
None,Laval,FRA,2,1439.14086914,2016-01-16,2016-01-23
None,Volyn Lutsk,UKR,1,1438.7064209,2016-01-01,2016-02-29
None,Pandurii,ROM,1,1438.37768555,2016-01-01,2016-02-29
None,Clermont,FRA,2,1438.36694336,2016-01-16,2016-01-25
None,Kortrijk,BEL,1,1437.83154297,2016-01-23,2016-02-29
None,Brest,FRA,2,1437.69421387,2016-01-17,2016-01-25
None,Viitorul,ROM,1,1434.82861328,2016-01-01,2016-02-29
None,Zulte Waregem,BEL,1,1434.51635742,2016-01-16,2016-01-23
None,Fuerth,GER,2,1432.91345215,2016-01-01,2016-02-29
None,Ried,AUT,1,1431.63427734,2016-01-01,2016-02-29
None,Omonia,CYP,0,1431.24157715,2016-01-01,2016-02-29
None,Spezia,ITA,2,1429.50341797,2016-01-16,2016-01-23
None,FK Astana,KAZ,0,1428.92236328,2016-01-01,2016-02-29
None,Bielefeld,GER,2,1428.10461426,2016-01-01,2016-02-29
None,Mechelen,BEL,1,1427.89172363,2016-01-17,2016-01-23
None,Auxerre,FRA,2,1427.47924805,2016-01-23,2016-01-29
None,Moreirense,POR,1,1426.57629395,2016-01-18,2016-01-23
None,Leeds,ENG,2,1426.35705566,2016-01-17,2016-01-23
None,Admira,AUT,1,1425.89941406,2016-01-01,2016-02-29
None,Duesseldorf,GER,2,1425.5378418,2016-01-01,2016-02-29
None,Huddersfield,ENG,2,1425.33361816,2016-01-17,2016-01-23
None,Gaziantepspor,TUR,1,1425.06176758,2016-01-17,2016-01-24
None,Niort,FRA,2,1424.85351562,2016-01-16,2016-01-23
None,Vicenza,ITA,2,1424.59118652,2016-01-20,2016-01-23
None,Rizespor,TUR,1,1424.37316895,2016-01-18,2016-01-24
None,Setubal,POR,1,1423.25854492,2016-01-23,2016-02-29
None,Evian TG,FRA,2,1422.12695312,2016-01-16,2016-01-23
None,Tours,FRA,2,1421.73840332,2016-01-23,2016-01-29
None,Groningen,NED,1,1421.33105469,2016-01-23,2016-01-26
None,Preston,ENG,2,1420.91259766,2016-01-17,2016-01-23
None,Djurgarden,SWE,1,1420.74902344,2016-01-01,2016-02-29
None,Arouca,POR,1,1420.61633301,2016-01-18,2016-01-23
None,Wolfsberg,AUT,1,1420.41223145,2016-01-01,2016-02-29
None,Atromitos,GRE,1,1419.53759766,2016-01-17,2016-01-24
None,Cracovia,POL,1,1418.11853027,2016-01-01,2016-02-29
None,Hajduk,CRO,1,1417.59448242,2016-01-01,2016-02-29
None,Heerenveen,NED,1,1416.98937988,2016-01-17,2016-01-23
None,Reading,ENG,2,1416.62890625,2016-01-17,2016-01-23
None,Dukla,CZE,1,1415.33166504,2016-01-01,2016-02-29
None,Piast Gliwice,POL,1,1414.82788086,2016-01-01,2016-02-29
None,CFR Cluj,ROM,1,1414.53283691,2016-01-01,2016-02-29
None,Trapani,ITA,2,1413.39770508,2016-01-17,2016-01-23
None,Sivasspor,TUR,1,1412.82727051,2016-01-17,2016-01-24
None,Ferencvaros,HUN,1,1412.65197754,2016-01-01,2016-02-29
None,Kayseri,TUR,1,1411.81237793,2016-01-17,2016-01-23
None,Apollon Lemesos,CYP,0,1411.2947998,2016-01-01,2016-02-29
None,Fulham,ENG,2,1408.76330566,2016-01-17,2016-01-23
None,Lugano,SUI,1,1408.24804688,2016-01-01,2016-02-29
None,Olexandriya,UKR,1,1408.07336426,2016-01-01,2016-02-29
None,AEK,GRE,1,1407.97814941,2016-01-18,2016-01-24
None,Latina,ITA,2,1407.70849609,2016-01-17,2016-01-23
None,Heracles,NED,1,1406.52624512,2016-01-16,2016-01-23
None,Ankaraspor,TUR,1,1406.28930664,2016-01-17,2016-01-23
None,Slavia Praha,CZE,1,1405.19262695,2016-01-01,2016-02-29
None,Den Haag,NED,1,1404.6583252,2016-01-18,2016-01-24
None,Randers,DEN,1,1404.50598145,2016-01-01,2016-02-27
None,Haecken,SWE,1,1404.47558594,2016-01-01,2016-02-29
None,FSV Frankfurt,GER,2,1403.64172363,2016-01-01,2016-02-29
None,Entella,ITA,2,1403.61828613,2016-01-19,2016-01-23
None,Genclerbirligi,TUR,1,1403.50439453,2016-01-18,2016-01-24
None,Nimes,FRA,2,1402.8013916,2016-01-23,2016-01-29
None,Groedig,AUT,1,1401.88806152,2016-01-01,2016-02-29
None,Karpaty,UKR,1,1401.21289062,2016-01-01,2016-02-29
None,Twente,NED,1,1401.08837891,2016-01-16,2016-01-24
None,Novi Sad,SRB,0,1400.4029541,2016-01-01,2016-02-29
None,Sochaux,FRA,2,1398.89074707,2016-01-23,2016-01-29
None,Muenchen 60,GER,2,1397.09484863,2016-01-01,2016-02-29
None,Soligorsk,BLR,1,1395.93334961,2016-01-01,2016-02-29
None,Aberdeen,SCO,1,1395.56213379,2016-01-23,2016-02-29
None,Modena,ITA,2,1394.11108398,2016-01-17,2016-01-23
None,Pribram,CZE,1,1393.64355469,2016-01-01,2016-02-29
None,U Madeira,POR,1,1393.10571289,2016-01-17,2016-01-23
None,Ternana,ITA,2,1392.71166992,2016-01-17,2016-01-23
None,Nijmegen,NED,1,1392.3145752,2016-01-23,2016-01-27
None,Panionios,GRE,1,1390.88781738,2016-01-18,2016-01-23
None,Teplice,CZE,1,1390.61096191,2016-01-01,2016-02-29
None,Antalyaspor,TUR,1,1390.2409668,2016-01-18,2016-01-24
None,Red Star,FRA,2,1388.65307617,2016-01-16,2016-01-23
None,Livorno,ITA,2,1388.33300781,2016-01-17,2016-01-25
None,Ajaccio,FRA,2,1388.10986328,2016-01-16,2016-01-25
None,Inter Baku,AZE,0,1386.18737793,2016-01-01,2016-02-29
None,Viking,NOR,1,1384.94372559,2016-01-01,2016-02-29
None,Academica,POR,1,1384.39221191,2016-01-23,2016-02-29
None,Larnaca,CYP,0,1383.57373047,2016-01-01,2016-02-29
None,Mattersburg,AUT,1,1383.04321289,2016-01-01,2016-02-29
None,SonderjyskE,DEN,1,1381.62805176,2016-01-01,2016-02-27
None,Aktobe,KAZ,0,1380.49194336,2016-01-01,2016-02-29
None,Mersin Idman,TUR,1,1378.96826172,2016-01-01,2016-01-23
None,Levadeiakos,GRE,1,1378.02062988,2016-01-17,2016-01-24
None,Zilina,SLK,0,1377.74438477,2016-01-01,2016-02-29
None,Slovacko,CZE,1,1377.72802734,2016-01-01,2016-02-29
None,Valenciennes,FRA,2,1377.70678711,2016-01-23,2016-01-29
None,Virtus Lanciano,ITA,2,1376.49267578,2016-01-17,2016-01-23
None,Pogon,POL,1,1376.2935791,2016-01-01,2016-02-29
None,Litex,BUL,1,1373.31835938,2016-01-01,2016-02-29
None,Dniprodzerzhynsk,UKR,1,1370.93261719,2016-01-01,2016-02-29
None,Iasi,ROM,1,1370.74902344,2016-01-01,2016-02-29
None,Trnava,SLK,0,1370.61242676,2016-01-01,2016-02-29
None,Neftchi,AZE,0,1370.31555176,2016-01-01,2016-02-29
None,Maccabi Haifa,ISR,1,1370.17907715,2016-01-18,2016-01-24
None,Wisla,POL,1,1369.98217773,2016-01-01,2016-02-29
None,Brno,CZE,1,1369.3067627,2016-01-01,2016-02-29
None,Salernitana,ITA,2,1369.26599121,2016-01-23,2016-02-29
None,Willem II,NED,1,1368.88391113,2016-01-18,2016-01-23
None,Bohemians Praha,CZE,1,1368.86999512,2016-01-01,2016-02-29
None,Vaduz,LIE,1,1367.76513672,2016-01-01,2016-02-29
None,Giannina,GRE,1,1367.24865723,2016-01-18,2016-01-24
None,Lillestrom,NOR,1,1367.15441895,2016-01-01,2016-02-29
None,Jagiellonia,POL,1,1366.91296387,2016-01-01,2016-02-29
None,Jihlava,CZE,1,1365.20739746,2016-01-01,2016-02-29
None,Xanthi,GRE,1,1364.97253418,2016-01-21,2016-01-23
None,Beitar,ISR,1,1364.53601074,2016-01-19,2016-01-24
None,Craiova,ROM,1,1364.13208008,2016-01-01,2016-02-29
None,Chernomorets,UKR,1,1363.16687012,2016-01-01,2016-02-29
None,Gabala,AZE,0,1363.09387207,2016-01-01,2016-02-29
None,Botosani,ROM,1,1362.93164062,2016-01-01,2016-02-29
None,Rotherham,ENG,2,1362.90661621,2016-01-17,2016-01-23
None,Valerenga,NOR,1,1362.30554199,2016-01-01,2016-02-29
None,Oerebro,SWE,1,1362.20874023,2016-01-01,2016-02-29
None,Tescoma Zlin,CZE,1,1360.77355957,2016-01-01,2016-02-29
None,Trencin,SLK,0,1360.72741699,2016-01-01,2016-02-29
None,Slask,POL,1,1359.58520508,2016-01-01,2016-02-29
None,Boavista,POR,1,1359.29211426,2016-01-19,2016-01-25
None,Ruch,POL,1,1359.06738281,2016-01-01,2016-02-29
None,St Truiden,BEL,1,1357.2611084,2016-01-17,2016-01-23
None,Pro Vercelli,ITA,2,1356.57348633,2016-01-17,2016-01-23
None,Lechia,POL,1,1355.9432373,2016-01-01,2016-02-29
None,Ascoli,ITA,2,1355.71923828,2016-01-19,2016-01-23
None,MK Dons,ENG,2,1355.25170898,2016-01-17,2016-01-23
None,Duisburg,GER,2,1354.31860352,2016-01-01,2016-02-29
None,Odense,DEN,1,1354.13085938,2016-01-01,2016-02-26
None,Helsingborg,SWE,1,1353.95056152,2016-01-01,2016-02-29
None,Panetolikos,GRE,1,1352.91259766,2016-01-17,2016-01-24
None,Eskisehirspor,TUR,1,1352.48010254,2016-01-19,2016-01-24
None,Bourg-Peronnas,FRA,2,1351.16943359,2016-01-23,2016-01-29
None,Mouscron,BEL,1,1349.17822266,2016-01-17,2016-01-23
None,Leuven,BEL,1,1347.98181152,2016-01-17,2016-01-23
None,Kiryat Shmona,ISR,1,1346.95349121,2016-01-17,2016-01-24
None,Slovan Bratislava,SLK,0,1346.86499023,2016-01-01,2016-02-29
None,Platanias,GRE,1,1345.75146484,2016-01-19,2016-01-25
None,Charlton,ENG,2,1344.86010742,2016-01-17,2016-01-23
None,Bolton,ENG,2,1344.42480469,2016-01-17,2016-01-23
None,Petrolul Ploiesti,ROM,1,1343.63989258,2016-01-01,2016-02-29
None,Stabaek,NOR,1,1343.13537598,2016-01-01,2016-02-29
None,Bristol City,ENG,2,1340.94921875,2016-01-17,2016-01-23
None,Levski,BUL,1,1340.88391113,2016-01-01,2016-02-29
None,Kairat,KAZ,0,1340.07641602,2016-01-01,2016-02-29
None,Split 1912,CRO,1,1339.93920898,2016-01-01,2016-02-29
None,Tondela,POR,1,1338.98327637,2016-01-16,2016-01-25
None,Iraklis,GRE,1,1335.60546875,2016-01-17,2016-01-25
None,Olimpik Donetsk,UKR,1,1335.46777344,2016-01-01,2016-02-29
None,Beroe Stara Zagora,BUL,1,1334.7434082,2016-01-01,2016-02-29
None,Veria,GRE,1,1334.04187012,2016-01-18,2016-01-24
None,Creteil,FRA,2,1333.49743652,2016-01-23,2016-01-29
None,Sheriff Tiraspol,MOL,0,1332.75610352,2016-01-01,2016-02-29
None,Esbjerg,DEN,1,1331.62756348,2016-01-01,2016-02-28
None,Nordsjaelland,DEN,1,1331.34448242,2016-01-01,2016-02-28
None,Como,ITA,2,1330.79956055,2016-01-17,2016-01-25
None,Gornik,POL,1,1329.63049316,2016-01-01,2016-02-29
None,Aalesund,NOR,1,1327.89379883,2016-01-01,2016-02-29
None,Cambuur,NED,1,1325.63720703,2016-01-17,2016-01-24
None,Uzhgorod,UKR,1,1325.1862793,2016-01-01,2016-02-29
None,Beveren,BEL,1,1324.56665039,2016-01-18,2016-01-24
None,Sigma Olomouc,CZE,1,1324.13391113,2016-01-01,2016-02-29
None,Bobruisk,BLR,1,1320.99182129,2016-01-01,2016-02-29
None,Videoton,HUN,1,1319.7434082,2016-01-01,2016-02-29
None,Westerlo,BEL,1,1318.8046875,2016-01-17,2016-01-23
None,Panthrakikos,GRE,1,1316.37133789,2016-01-17,2016-01-23
None,Gornik Leczna,POL,1,1315.51452637,2016-01-01,2016-02-29
None,Korona,POL,1,1315.06091309,2016-01-01,2016-02-29
None,Lok Zagreb,CRO,1,1313.3371582,2016-01-01,2016-02-29
None,Torpedo Zhodino,BLR,1,1312.97436523,2016-01-01,2016-02-29
None,Kalmar,SWE,1,1310.02990723,2016-01-01,2016-02-29
None,Roda,NED,1,1308.20275879,2016-01-17,2016-01-23
None,M Petach Tikva,ISR,1,1305.89587402,2016-01-17,2016-01-23
None,Lubin,POL,1,1305.77111816,2016-01-01,2016-02-29
None,Timisoara,ROM,1,1305.59741211,2016-01-01,2016-02-29
None,Excelsior,NED,1,1304.51135254,2016-01-17,2016-01-23
None,Viborg,DEN,1,1303.89978027,2016-01-01,2016-02-28
None,Paris FC,FRA,2,1302.51477051,2016-01-23,2016-01-29
None,Chiajna,ROM,1,1300.8671875,2016-01-01,2016-02-29
None,Podbeskidzie,POL,1,1300.80517578,2016-01-01,2016-02-29
None,FK Minsk,BLR,1,1300.7409668,2016-01-01,2016-02-29
None,St Johnstone,SCO,1,1300.13195801,2016-01-17,2016-01-23
None,Cukaricki,SRB,0,1299.46655273,2016-01-01,2016-02-29
None,Gefle,SWE,1,1298.22131348,2016-01-01,2016-02-29
None,Nieciecza,POL,1,1296.9407959,2016-01-01,2016-02-29
None,Debrecen,HUN,1,1293.8848877,2016-01-01,2016-02-29
None,Hobro,DEN,1,1293.64331055,2016-01-01,2016-02-28
None,FK Sarajevo,BHZ,0,1291.74890137,2016-01-01,2016-02-29
None,Aarhus,DEN,1,1290.73608398,2016-01-01,2016-02-26
None,Ordabasy,KAZ,0,1289.0135498,2016-01-01,2016-02-29
None,Koper,SVN,0,1287.26123047,2016-01-01,2016-02-29
None,Crvena Zvezda,SRB,0,1287.18383789,2016-01-01,2016-02-29
None,Hearts,SCO,1,1286.36694336,2016-01-17,2016-01-24
None,Bodoe Glimt,NOR,1,1286.18969727,2016-01-01,2016-02-29
None,Inverness,SCO,1,1285.27746582,2016-01-17,2016-01-23
None,Celje,SVN,0,1280.93676758,2016-01-01,2016-02-29
None,Domzale,SVN,0,1280.67529297,2016-01-01,2016-02-29
None,Hammarby,SWE,1,1280.07678223,2016-01-01,2016-02-29
None,Bnei Sakhinin,ISR,1,1278.92541504,2016-01-19,2016-01-23
None,Sarpsborg,NOR,1,1276.46362305,2016-01-01,2016-02-29
None,Raanana,ISR,1,1275.84558105,2016-01-18,2016-01-23
None,Neman Grodno,BLR,1,1272.98339844,2016-01-01,2016-02-29
None,H Tel Aviv,ISR,1,1272.32104492,2016-01-17,2016-01-23
None,Zeljeznicar,BHZ,0,1272.29589844,2016-01-01,2016-02-29
None,Slaven Belupo,CRO,1,1271.8548584,2016-01-01,2016-02-29
None,De Graafschap,NED,1,1271.7421875,2016-01-17,2016-01-23
None,Voluntari,ROM,1,1270.4987793,2016-01-01,2016-02-29
None,Tromso,NOR,1,1270.1842041,2016-01-01,2016-02-29
None,Haugesund,NOR,1,1270.1784668,2016-01-01,2016-02-29
None,Banik Ostrava,CZE,1,1269.2376709,2016-01-01,2016-02-29
None,Ujpest,HUN,1,1264.23535156,2016-01-01,2016-02-29
None,Sundsvall,SWE,1,1262.37255859,2016-01-01,2016-02-29
None,Halmstad,SWE,1,1262.20690918,2016-01-01,2016-02-29
None,MTK,HUN,1,1256.5793457,2016-01-01,2016-02-29
None,Olimpik Sarajevo,BHZ,0,1255.79931641,2016-01-01,2016-02-29
None,Kfar-Saba,ISR,1,1255.42456055,2016-01-17,2016-01-23
None,Kallonis,GRE,1,1255.22766113,2016-01-18,2016-01-23
None,Skenderbeu,ALB,0,1255.13171387,2016-01-01,2016-02-29
None,Paksi,HUN,1,1253.42016602,2016-01-01,2016-02-29
None,Falkenbergs,SWE,1,1253.27026367,2016-01-01,2016-02-29
None,Osijek,CRO,1,1252.97607422,2016-01-01,2016-02-29
None,Hafnarfjoerdur,ISL,0,1252.91162109,2016-01-01,2016-02-29
None,Bnei Yehuda,ISR,1,1251.88586426,2016-01-17,2016-01-23
None,HJK Helsinki,FIN,0,1251.50170898,2016-01-01,2016-02-29
None,Kukesi,ALB,0,1250.73461914,2016-01-01,2016-02-29
None,Slavia Sofia,BUL,1,1249.44433594,2016-01-01,2016-02-29
None,Novopolotsk,BLR,1,1249.02197266,2016-01-01,2016-02-29
None,Granit Mikashevichy,BLR,1,1247.43237305,2016-01-01,2016-02-29
None,Ross County,SCO,1,1244.44787598,2016-01-18,2016-01-23
None,Hapoel Haifa,ISR,1,1241.8918457,2016-01-17,2016-01-23
None,Atvidaberg,SWE,1,1241.375,2016-01-01,2016-02-29
None,Inter Zapresic,CRO,1,1238.26721191,2016-01-01,2016-02-29
None,Slutsk,BLR,1,1237.59716797,2016-01-01,2016-02-29
None,Partick,SCO,1,1234.77954102,2016-01-17,2016-01-23
None,Dundee,SCO,1,1233.42358398,2016-01-23,2016-01-30
None,Acco Acre,ISR,1,1230.34887695,2016-01-19,2016-01-23
None,KR Reykjavik,ISL,0,1228.73352051,2016-01-01,2016-02-29
None,Stjarnan,ISL,0,1228.65380859,2016-01-01,2016-02-29
None,Cherno More,BUL,1,1227.58972168,2016-01-01,2016-02-29
None,Istra 1961,CRO,1,1226.27661133,2016-01-01,2016-02-29
None,M Zaporizhya,UKR,1,1220.16186523,2016-01-01,2016-02-29
None,Zrinjski Mostar,BHZ,0,1218.69165039,2016-01-01,2016-02-29
None,Batumi,GEO,0,1218.68847656,2016-01-01,2016-02-29
None,Milsami Orhei,MOL,0,1218.27404785,2016-01-01,2016-02-29
None,Dacia Chisinau,MOL,0,1215.17700195,2016-01-01,2016-02-29
None,Dila Gori,GEO,0,1213.85314941,2016-01-01,2016-02-29
None,Tskhinvali,GEO,0,1213.5904541,2016-01-01,2016-02-29
None,Botev Plovdiv,BUL,1,1208.13012695,2016-01-01,2016-02-29
None,Saxan,MOL,0,1207.58691406,2016-01-01,2016-02-29
None,Motherwell,SCO,1,1207.53515625,2016-01-17,2016-01-23
None,NK Zagreb,CRO,1,1206.00354004,2016-01-01,2016-02-29
None,Start,NOR,1,1204.30126953,2016-01-01,2016-02-29
None,Diosgyori,HUN,1,1199.36376953,2016-01-01,2016-02-29
None,Dinamo Tbilisi,GEO,0,1195.89611816,2016-01-01,2016-02-29
None,Ventspils,LAT,0,1195.22546387,2016-01-01,2016-02-29
None,Hamilton,SCO,1,1191.35424805,2016-01-20,2016-01-24
None,Netanya,ISR,1,1187.88085938,2016-01-17,2016-01-23
None,Lahti,FIN,0,1184.57775879,2016-01-01,2016-02-29
None,Rabotnicki,MAC,0,1181.6619873,2016-01-01,2016-02-29
None,Honved,HUN,1,1180.49536133,2016-01-01,2016-02-29
None,Gomel,BLR,1,1178.73352051,2016-01-01,2016-02-29
None,Partizani Tirana,ALB,0,1177.7532959,2016-01-01,2016-02-29
None,Seinajoki,FIN,0,1177.54638672,2016-01-01,2016-02-29
None,Dundee United,SCO,1,1175.07849121,2016-01-16,2016-01-23
None,Kilmarnock,SCO,1,1174.26647949,2016-01-17,2016-01-23
None,Vikingur,ISL,0,1170.69567871,2016-01-01,2016-02-29
None,Haladas,HUN,1,1170.67712402,2016-01-01,2016-02-29
None,Mjondalen,NOR,1,1168.6159668,2016-01-01,2016-02-29
None,Laci,ALB,0,1165.98059082,2016-01-01,2016-02-29
None,Sandefjord,NOR,1,1162.35217285,2016-01-01,2016-02-29
None,Slavia Mozyr,BLR,1,1158.42602539,2016-01-01,2016-02-29
None,Vaasa,FIN,0,1153.68823242,2016-01-01,2016-02-29
None,FK Vitebsk,BLR,1,1151.67431641,2016-01-01,2016-02-29
None,Lok Plovdiv,BUL,1,1149.51586914,2016-01-01,2016-02-29
None,Dundalk,IRL,0,1148.21691895,2016-01-01,2016-02-29
None,Vardar,MAC,0,1145.41638184,2016-01-01,2016-02-29
None,Mladost,MNT,0,1137.57702637,2016-01-01,2016-02-29
None,Shkendija,MAC,0,1136.97387695,2016-01-01,2016-02-29
None,Dinamo Brest,BLR,1,1136.60168457,2016-01-01,2016-02-29
None,Renova,MAC,0,1132.35949707,2016-01-01,2016-02-29
None,Rudar Pljevlja,MNT,0,1130.28833008,2016-01-01,2016-02-29
None,St Patricks,IRL,0,1129.04858398,2016-01-01,2016-02-29
None,Shamrock,IRL,0,1124.87353516,2016-01-01,2016-02-29
None,Zalgiris Vilnius,LIT,0,1123.18188477,2016-01-01,2016-02-29
None,Levadia Tallinn,EST,0,1122.20581055,2016-01-01,2016-02-29
None,UC Dublin,IRL,0,1116.25793457,2016-01-01,2016-02-29
None,Podgorica,MNT,0,1113.96130371,2016-01-01,2016-02-29
None,Puskas Akademia,HUN,1,1113.11828613,2016-01-01,2016-02-29
None,Skonto,LAT,0,1112.26293945,2016-01-01,2016-02-29
None,Cork City,IRL,0,1111.97338867,2016-01-01,2016-02-29
None,Sutjeska,MNT,0,1111.69177246,2016-01-01,2016-02-29
None,Spartaks Jurmala,LAT,0,1107.43725586,2016-01-01,2016-02-29
None,Jelgava,LAT,0,1098.85070801,2016-01-01,2016-02-29
None,Trakai,LIT,0,1088.73754883,2016-01-01,2016-02-29
None,Differdang,LUX,0,1081.72155762,2016-01-01,2016-02-29
None,Atlantas,LIT,0,1080.34289551,2016-01-01,2016-02-29
None,Kruoja,LIT,0,1076.23376465,2016-01-01,2016-02-29
None,Vasas SC,HUN,1,1073.87109375,2016-01-01,2016-02-29
None,Blagoevgrad,BUL,1,1068.52697754,2016-01-01,2016-02-29
None,Pyunik,ARM,0,1064.7220459,2016-01-01,2016-02-29
None,Nomme Kalju,EST,0,1055.67358398,2016-01-01,2016-02-29
None,Dudelange,LUX,0,1055.4050293,2016-01-01,2016-02-29
None,Montana 1921,BUL,1,1044.42102051,2016-01-01,2016-02-29
None,Linfield,NIR,0,1042.6661377,2016-01-01,2016-02-29
None,Bekescsabai,HUN,1,1040.89953613,2016-01-01,2016-02-29
None,Crusaders,NIR,0,1027.18908691,2016-01-01,2016-02-29
None,Shirak,ARM,0,1026.22766113,2016-01-01,2016-02-29
None,Sillamaee Kalev,EST,0,1019.24731445,2016-01-01,2016-02-29
None,Alashkert,ARM,0,1011.02203369,2016-01-01,2016-02-29
None,Newtown AFC,WAL,0,1004.76715088,2016-01-01,2016-02-29
None,The New Saints,WAL,0,1003.54003906,2016-01-01,2016-02-29
None,Glentoran,NIR,0,1002.5057373,2016-01-01,2016-02-29
None,Flora Tallinn,EST,0,1001.95001221,2016-01-01,2016-02-29
None,Glenavon,NIR,0,996.974060059,2016-01-01,2016-02-29
None,Fola Esch,LUX,0,991.606933594,2016-01-01,2016-02-29
None,Birkirkara,MLT,0,991.226196289,2016-01-01,2016-02-29
None,Broughton,WAL,0,985.88067627,2016-01-01,2016-02-29
None,Bala,WAL,0,984.519592285,2016-01-01,2016-02-29
None,Niedercorn,LUX,0,983.533569336,2016-01-01,2016-02-29
None,Ulisses,ARM,0,978.515869141,2016-01-01,2016-02-29
None,Valletta,MLT,0,970.750549316,2016-01-01,2016-02-29
None,Gota,FAR,0,947.825683594,2016-01-01,2016-02-29
None,Balzan,MLT,0,932.948852539,2016-01-01,2016-02-29
None,Hibernians Paola,MLT,0,929.703796387,2016-01-01,2016-02-29
None,College Europa,GIB,0,894.655700684,2016-01-01,2016-02-29
None,HB Torshavn,FAR,0,892.192687988,2016-01-01,2016-02-29
None,Lincoln,GIB,0,878.886108398,2016-01-01,2016-02-29
None,Runavik,FAR,0,874.614135742,2016-01-01,2016-02-29
None,B 36 Torshavn,FAR,0,859.967407227,2016-01-01,2016-02-29
None,Santa Coloma,AND,0,785.765563965,2016-01-01,2016-02-29
None,Lusitanos,AND,0,774.033813477,2016-01-01,2016-02-29
None,Matecosa Sant Julia,AND,0,773.411682129,2016-01-01,2016-02-29
None,Juvenes,SMR,0,697.503662109,2016-01-01,2016-02-29
None,Folgore,SMR,0,695.453735352,2016-01-01,2016-02-29
None,La Fiorita,SMR,0,690.40020752,2016-01-01,2016-02-29



